variable,count,mean,std,min,25%,50%,75%,max,original
dummy1,1000.0,0.00012441020268714968,0.00957794010012852,-0.0289602057742166,-0.006231306542275199,-9.211045751720575e-05,0.00648113518478435,0.026027716433103,0.0037981420146518
dummy2,1000.0,-0.0006386500294098829,0.012420150462649755,-0.0407161526550075,-0.00906079496375395,-0.00058548694257975,0.00832677127633685,0.0414161585818034,0.0129693062546381
x1,1000.0,0.01281939960364069,3.078978169412282,-10.82239301808358,-2.018281846253806,-0.124044573200423,2.0891563066180328,28.20500354331711,28.20500354331711
x2,1000.0,0.4182801085405723,7.977056526374867,-26.248895335117545,-4.953599796804807,0.6654631360397087,5.492138462790253,75.05023490273635,75.05023490273635
x3,1000.0,-0.08152860432951635,1.9289418961529778,-6.3083782137012925,-1.3889336056673431,-0.1367371289007475,1.1387817421524715,17.753302357746445,17.753302357746445
